Rf,MW
0.242424,120000
0.333333,85000
0.484848,50000
0.666667,35000
0.787879,25000
0.909091,20000